label_num,label_name
1,Left_Occipital_Lobe
2,Right_Occipital_Lobe
3,Left_Cingulate_Gyrus
4,Right_Cingulate_Gyrus
5,Left_Insula
6,Right_Insula
7,Left_Temporal_Pole
8,Right_Temporal_Pole
9,Left_Sup_Temp_Gyrus
10,Right_Sup_Temp_Gyrus_
11,Left_Infero_Temp_Gyrus
12,Right_Infero_Temp_Gyrus
13,Left_Parahippocampal_Gyrus
14,Right_Parahippocampal_Gyrus
15,Left_Frontal_Pole
16,Right_Frontal_Pole
17,Left_Sup_Frontal_Gyrus
18,Right_Sup_Frontal_Gyrus
19,Left_Mid_Frontal_Gyrus
20,Right_Mid_Frontal_Gyrus
21,Left_Inf__Frontal_Gyrus
22,Right_Inf_Frontal_Gyrus
23,Left_Orbital_Frontal_Gyrus
24,Right_Orbital_Frontal_Gyrus
25,Left_Precentral_Gyrus
26,Right_Precentral_Gyrus
27,Left_Sup_Parietal_Lobe
28,Right_Sup_Parietal_Lobe
29,Left_Inf_Parietal_Lobe
30,Right_Inf_Parietal_Lobe
31,Left_Postcentral_Gyrus
32,Right_Postcentral_Gyrus
33,Left_Hipp_Head
34,Right_Hipp_Head
35,Left_Hipp_Midbody
36,Right_Hipp_Midbody
37,Left_Hipp_Tail
38,Right_Hipp_Tail
39,Left_Caudate
40,Right_Caudate
41,Left_Putamen
42,Right_Putamen
43,Left_Thalamus
44,Right_Thalamus
45,White_Matter
